<?xml version="1.0" encoding="UTF-8"?>
<teamcity-plugin xmlns:xsi="http://www.w3.org/2001/XMLSchema-instance"
                 xsi:noNamespaceSchemaLocation="urn:shemas-jetbrains-com:teamcity-plugin-v1-xml">
  <info>
    <name>triggercommandlinebuild</name>
    <display-name>Trigger.io Command-Line Build Plugin</display-name>
    <version>1.0.0</version>
    <description>Runner for using the Trigger.io command-line build</description>

    <vendor>
      <name>Scott McClure</name>
      <url>http://www.scottrmcclure.com</url>
    </vendor>
  </info>
</teamcity-plugin>
